Workbook

Sheet Summary
A1: SUMMARY: AUTO POPULATED - DO NOT ENTER DATA HERE
B3: Project Name | C3: ='Risk Register Tool'!C1 -> Insert Project Name
B9: Document #
B10: Project Manager | C10: ='Risk Register Tool'!I1 -> Insert Project Manager Name(s)
B11: Project Number | C11: Insert Prj #
B12: Project Folder | C12: Indicate location of prj folder
L14: Risk Matrix
B15: TO BE DEVELOPED | E15: TO BE DEVELOPED | J15: Probablity
B16: SUMMARY - RISK COUNT BY RATING | E16: TOP 5 RISKS | J16: 0.9 | K16: 0.045 | L16: 0.09 | M16: 0.18 | N16: 0.36 | O16: 0.72
B17: Rating | C17: # | E17: Risk # | F17: Risk ID | G17: Risk Title | H17: RiskExposure | J17: 0.7 | K17: 0.035 | L17: 0.07 | M17: 0.14 | N17: 0.28 | O17: 0.56
B18: HIGH (H) (Red) | C18: ='Source Data Tables'!N22 -> 0 | E18: Risk 1 | J18: 0.5 | K18: 0.025 | L18: 0.05 | M18: 0.1 | N18: 0.2 | O18: 0.4
B19: MODERATE (M) (Yellow) | C19: ='Source Data Tables'!N23 -> 0 | E19: Risk 2 | J19: 0.3 | K19: 0.015 | L19: 0.03 | M19: 0.06 | N19: 0.12 | O19: 0.24
B20: LOW (L) (Green) | C20: ='Source Data Tables'!N24 -> 0 | E20: Risk 3 | J20: 0.1 | K20: 0.005 | L20: 0.01 | M20: 0.02 | N20: 0.04 | O20: 0.08
B21: TOTAL | C21: ='Source Data Tables'!N25 -> 0 | E21: Risk 4 | K21: 0.05 | L21: 0.1 | M21: 0.2 | N21: 0.4 | O21: 0.8
E22: Risk 5 | K22: Impact
B24: HIGH (H) – Unacceptable. Major disruption likely; different approach required; priority management attention required.
B25: MODERATE (M) – Some disruption; different approach may be required; additional management attention may be needed.
B26: LOW (L) – Minimum impact; minimum oversight needed to ensure risk remains low.

Sheet Legend
A1: LEGEND:
A2: Administrative | B2: Project Number | C2: Enter the Project Identifier
B3: Project Manager | C3: Individual responsible for creating, updating and maintaining the integrity of the risk register. Individual assigned with the responsibility of documenting risks and orchestrating project risk updates with the risk owners.
A4: Risk Identification | B4: Risk ID | C4: A unique identifier in a numbering system assigned to a risk. The identifier should be used for reference or for cross-reference in the future among project team members and future project stakeholders in search of historical information. Example: R01, R02, R03...
B5: Date Identified | C5: The original date when the risk was originally brought to light, or identified. Example: "MM/DD/YY'
B6: Risk Submitter | C6: The name of the individual or group who identified and submitted the risk to bring the attention of project stakeholders.
B7: Risk Title (NEW) | C7: Short title/description of the risk - No more than 10 words
B8: Risk Description | C8: A brief description of future event that could result in either positive or negative results to the project, and the impact it will have on the project.
B9: Source (NEW) | C9: Source of risk. These values are list in cells in the Source Data Tab.
B10: Risk Owner | C10: The risk owner is the individual assigned to the project who tracks the risks for triggers.
B11: Risk Type | C11: Risks can be positive (opportunity) or negative (threat.) An example of an opportunity is "The latest UML software will reduce programming efforts by 30%, thus decreasing the amount of hours needed to produce the software." An example of a threat is "A tornado can hit the remote city of Alabama as forecasted where the software developers are." Select "Threat" or "Opportunity" as appropriate
B12: Risk Category | C12: If the risk is to occur, it will come from a root source. such as: nature, lack or abundance of technology, sponsorship, communications, schedule, budget, contracts and scope. For example, "With the support of sponsors, there will be enough resources dedicated to the project." The example references a positive risk or opportunity. Select from categories as defined by the Risk Management Plan. These values are list in cells in the Source Data Tab.
B13: RiskTrigger - Description | C13: Specifically what causes the risk to become a realized issue/problem - usually written in the form "If <"this" occurs>". Brief description impact (positive or negative) on the project should the risk event occur.
B14: Risk Trigger- Expected Date (NEW) | C14: The estimated date on which the trigger event is expected to occur and impact the program.
B15: Potential Outcome (MODIFIED) | C15: What happens if the trigger event occurs - usually written in the form "then <this outcome occurs>".
B16: Task ID | C16: The task ID is the task defined in the network diagram, activity list or schedule that will be affected by the risk. As an example, "There is not enough feedback from end-to-end user testing when the codes are updated and changed. Members from the unit testing group will have the older codes, which will generate outdated and irrelevant applications in the future. The impact will be to the quality of the product in the next release." The unit testing tasks are the affected tasks, and their relevant Task IDs should be identified and documented in this case.
B17: Associated Risks | C17: Associated risks are inter-related. If an event is to take place in the near future, these other events will also take place.
A18: Risk Analysis | B18: Probability Rating | C18: Probability of risk being realized, using scales defined in the Risk Management Plan. (See Prob-Impact Matrix tab)
B19: Prob Value (NEW) | C19: Numeric value of associated with the Probabiltity Rating. These values are list in cells in the Source Data Tab.
B20: Impact Rating | C20: Qualitative ranking of impact to project, using scales defined in the Risk Management Plan. (See Prob-Impact Matrix tab)
B21: Impact Value (NEW) | C21: Numeric value of associated with the Impact Rating. These values are list in cells in the Source Data Tab.
B22: Risk Exposure Score (MODIFIED) | C22: This is calculated once you select the Impact and Probability. These cells use conditional formatting to display color shadings as defined in the Source Data Tab. . (For explanation of Impact and Probablility - See Prob-Impact Matrix tab)
B23: Top 5 Y/N (NEW) | C23: Top 5 Risk notation - Enter "Y" - if risk is one of the 5 top rated risks and "N" or leave blank if it rated below the top 5 risks
A24: Risk Mitigation Planning | B24: Risk Response Type | C24: Risk responses are chosen according to their risk categories. If a risk is positive or is to bear an opportunity, the risk response type could be to accept the risk, exploit the risk or enhance the risk. If a risk is negative or it is a threat, the risk response type could be to mitigate or avoid the risk. For both situations, one can chose to transfer and share the risk with a different party. Sharing or transferring a risk can be used when the resources and expertise are limited, though many other cases lend to the option for choosing these risk responses. Select from strategies as defined by the Risk Management Plan. These values are list in cells in the Source Data Tab. Select one of the following: "Accept", "Transfer", "Mitigate", "Avoid", "Share", "Exploit", "Enhance" - .
B25: Risk Response Description | C25: Based upon the choice selected for "Risk Response Type," outline how you plan on responding to the risk. An example is to "Purchase software when the company's marketing news release is made public to bring the efficiency factor up by 30%."
A26: Risk Monitoring & Control | B26: Risk Trigger Occurance | C26: The risk trigger occurrence communicates if the risk has or has not taken place. Select "YES" or "NO"
B27: Trigger Date Occurance (NEW) | C27: If triggered, the date the trigger occurred. The risk trigger occurrence communicates if the risk has or has not taken place.
B28: Status | C28: Risk status (e.g. whether it has been triggered or not). Select from one of the values listed in the drop down list. These values are list in cells in the Source Data Tab.
B29: Notes (NEW) | C29: Additional notes - use as required to expand on explations or provide reminders.

Sheet Risk Register Tool
A1: Project Name: | C1: Insert Project Name | H1: Project Manager | I1: Insert Project Manager Name(s) | J1: Project Number | K1: Insert Project Number | V1: [DCN ]
E2: Risk Identification | Q2: Risk Analysis | V2: Risk Mitigation Planning | Y2: Risk Tracking
A3: Risk ID | B3: Date Identified | C3: Risk Submitter | D3: Risk Title | E3: Risk Description | F3: Source (Select) | G3: Risk Owner | H3: Risk Type (Select) | I3: Risk Category (Select) | J3: Risk Trigger Description (if > this) | K3: Risk Trigger Expected Date | L3: Potential Outcome (then > this) | M3: Task ID | N3: Associated Risks | O3: Probability Rating (Select) | P3: Prob Value | Q3: Impact Rating (Select) | R3: Impact Value | S3: Risk Exposure (Actual) | T3: Risk Exposure | U3: Top 5 Y/N (Select) (See Comment) | V3: Risk Response Type (Select) | W3: Risk Response Description | X3: Risk Trigger Occurance (Select) | Y3: Trigger Date Occurance | Z3: Status (Select) | AA3: Notes
A4: R001 | B4: 41368 | C4: Insert Name | D4: Insert short title | E4: Insert description | F4: Stakeholder | G4: Insert Name | H4: Opportunity | I4: Budget | J4: If ???? occurs | K4: Insert expected date | L4: Then ?? Is the outcome or result | M4: Identify Task IDs as appropriate | N4: Identify Associated Risk as appropriate | O4: Not Likely | P4: =VLOOKUP(O4,'Source Data Tables'!$G$13:$H$17,2,FALSE) -> 0.1 | Q4: Catastrophic | R4: =VLOOKUP(Q4,'Source Data Tables'!$G$5:$H$9,2,FALSE) -> 0.8 | S4: =P4*R4 -> 0.08 | T4: =VALUE(S4) -> 0.08 | U4: N | V4: Accept | W4: Descrbe planned response | X4: N | Y4: Insert date Trigger occurred | Z4: Identified | AA4: Add notes as appropriate
A5: R002 | B5: 41369 | C5: Insert Name | D5: Insert short title | E5: Insert description | F5: Stakeholder | G5: Insert Name | H5: Threat | I5: Schedule | J5: If ???? occurs | K5: Insert expected date | L5: Then ?? Is the outcome or result | M5: Identify Task IDs as appropriate | N5: Identify Associated Risk as appropriate | O5: Near Certainty | P5: =VLOOKUP(O5,'Source Data Tables'!$G$13:$H$17,2,FALSE) -> 0.9 | Q5: Significant | R5: =VLOOKUP(Q5,'Source Data Tables'!$G$5:$H$9,2,FALSE) -> 0.1 | S5: =P5*R5 -> 0.09 | T5: =VALUE(S5) -> 0.09 | U5: Y | V5: Mitigate | W5: Descrbe planned response | X5: Y | Y5: Insert date Trigger occurred | Z5: Planning Complete | AA5: Add notes as appropriate
P6: =VLOOKUP(O6,'Source Data Tables'!$G$13:$H$17,2,FALSE) -> #N/A | R6: =VLOOKUP(Q6,'Source Data Tables'!$G$5:$H$9,2,FALSE) -> #N/A | S6: =P6*R6 -> #N/A | T6: =VALUE(S6) -> #N/A
P7: =VLOOKUP(O7,'Source Data Tables'!$G$13:$H$17,2,FALSE) -> #N/A | R7: =VLOOKUP(Q7,'Source Data Tables'!$G$5:$H$9,2,FALSE) -> #N/A | S7: =P7*R7 -> #N/A | T7: =VALUE(S7) -> #N/A
P8: =VLOOKUP(O8,'Source Data Tables'!$G$13:$H$17,2,FALSE) -> #N/A | R8: =VLOOKUP(Q8,'Source Data Tables'!$G$5:$H$9,2,FALSE) -> #N/A | S8: =P8*R8 -> #N/A | T8: =VALUE(S8) -> #N/A
P9: =VLOOKUP(O9,'Source Data Tables'!$G$13:$H$17,2,FALSE) -> #N/A | R9: =VLOOKUP(Q9,'Source Data Tables'!$G$5:$H$9,2,FALSE) -> #N/A | S9: =P9*R9 -> #N/A | T9: =VALUE(S9) -> #N/A
P10: =VLOOKUP(O10,'Source Data Tables'!$G$13:$H$17,2,FALSE) -> #N/A | R10: =VLOOKUP(Q10,'Source Data Tables'!$G$5:$H$9,2,FALSE) -> #N/A | S10: =P10*R10 -> #N/A | T10: =VALUE(S10) -> #N/A
P11: =VLOOKUP(O11,'Source Data Tables'!$G$13:$H$17,2,FALSE) -> #N/A | R11: =VLOOKUP(Q11,'Source Data Tables'!$G$5:$H$9,2,FALSE) -> #N/A | S11: =P11*R11 -> #N/A | T11: =VALUE(S11) -> #N/A
P12: =VLOOKUP(O12,'Source Data Tables'!$G$13:$H$17,2,FALSE) -> #N/A | R12: =VLOOKUP(Q12,'Source Data Tables'!$G$5:$H$9,2,FALSE) -> #N/A | S12: =P12*R12 -> #N/A | T12: =VALUE(S12) -> #N/A
P13: =VLOOKUP(O13,'Source Data Tables'!$G$13:$H$17,2,FALSE) -> #N/A | R13: =VLOOKUP(Q13,'Source Data Tables'!$G$5:$H$9,2,FALSE) -> #N/A | S13: =P13*R13 -> #N/A | T13: =VALUE(S13) -> #N/A
P14: =VLOOKUP(O14,'Source Data Tables'!$G$13:$H$17,2,FALSE) -> #N/A | R14: =VLOOKUP(Q14,'Source Data Tables'!$G$5:$H$9,2,FALSE) -> #N/A | S14: =P14*R14 -> #N/A | T14: =VALUE(S14) -> #N/A
P15: =VLOOKUP(O15,'Source Data Tables'!$G$13:$H$17,2,FALSE) -> #N/A | R15: =VLOOKUP(Q15,'Source Data Tables'!$G$5:$H$9,2,FALSE) -> #N/A | S15: =P15*R15 -> #N/A | T15: =VALUE(S15) -> #N/A
P16: =VLOOKUP(O16,'Source Data Tables'!$G$13:$H$17,2,FALSE) -> #N/A | R16: =VLOOKUP(Q16,'Source Data Tables'!$G$5:$H$9,2,FALSE) -> #N/A | S16: =P16*R16 -> #N/A | T16: =VALUE(S16) -> #N/A
P17: =VLOOKUP(O17,'Source Data Tables'!$G$13:$H$17,2,FALSE) -> #N/A | R17: =VLOOKUP(Q17,'Source Data Tables'!$G$5:$H$9,2,FALSE) -> #N/A | S17: =P17*R17 -> #N/A | T17: =VALUE(S17) -> #N/A
... P64: =VLOOKUP(O64,'Source Data Tables'!$G$13:$H$17,2,FALSE) -> #N/A | R64: =VLOOKUP(Q64,'Source Data Tables'!$G$5:$H$9,2,FALSE) -> #N/A | S64: =P64*R64 -> #N/A | T64: =VALUE(S64) -> #N/A

Sheet Prob-Impact Matrix
A1: Risk Exposure Score Calculation
A3: Impact Ratings
A4: Rating | C4: Value Assigned | D4: Program Impact | E4: Technical Impact | F4: Cost Impact | G4: Schedule Impact
A5: Marginal | C5: 0.05 | D5: Remedy will cause program disruption | E5: Performance goals met, no impact on program success | F5: Program budget not dependant on issue; no impact on program success; development or production cost goals not exceeded or dependant on this issue | G5: Schedule not dependant on this issue; no impact on program success; development schedule goals not exceeded or not dependant on the issue
A6: Significant | C6: 0.1 | D6: Shorts a significant mission need | E6: Performance below goal, but within acceptable limites. No charnges required, acceptable alternatives exist, minor impact on program success | F6: Program budget impacted by < 1%; minor ipact on program success; development or production cost goals exceeded by 1 - 5%; program management reserces do not need to be used to implement workarounds | G6: Non-critical path activities late; workarounds would avoid impact onkey and non-key program milestones; minor impact on program success, development schedule goals exceeded by 1-5%
A7: Serious | C7: 0.2 | D7: Shorts a critital mission need | E7: Performance below goal, moderate changes required, alternative would provide acceptable system performance, limited impact on program success | F7: Program budget impacted by 1 - 5%; limited impact on program success; development or production gost goals exceeded by 5 - 15%; program managemnet reserves do not need to be used to implement workarounds | G7: Critical path activiites onemonth late; workarounds would not meet program milstones; program success in doubt; develoment schedule goals exceeded by 5-10%
A8: Very Serious | C8: 0.4 | D8: Potentially fails key performance parameter | E8: Performance unacceptable; signigicant changes required; possible alternaitves may exist; program success in doubt | F8: Program budget impacted by 5-10%; program success in doubt; development or production cost goals exceeded by 15-20%; program management reserves must be used to implement work arounds | G8: Critical path activities one month late; workarounds would not meet program melestones; program success in doubt; development schedule goals exceed by 10 -15%
A9: Catastrophic | C9: 0.8 | D9: Jeporadizes an exit criterion of current acquisition phase | E9: Performanace unacceptable; no viable alternatives exist; program success jeopardized | F9: Program budget impacted by 10%; program success jeporadized; development or production cost goals exceeded by 20 - 25% | G9: Key program milestones would be late by more than 2 months; program success jeoporadized; development schedule goals exceeded by 20%
A13: Probablity Ratings
A14: Rating
B15: Not Likely | C15: 0.1 | D15: ~10% | E15: ~10% | F15: ~10% | G15: ~10%
B16: Low Likelihood | C16: 0.3 | D16: ~30% | E16: ~30% | F16: ~30% | G16: ~30%
B17: Likely | C17: 0.5 | D17: ~50% | E17: ~50% | F17: ~50% | G17: ~50%
B18: Highly Likely | C18: 0.7 | D18: ~70% | E18: ~70% | F18: ~70% | G18: ~70%
B19: Near Certainty | C19: 0.9 | D19: ~90% | E19: ~90% | F19: ~90% | G19: ~90%
A22: Risk Impact Calculation: | C22: Sum of: (Impact Value) * (Probability Value) ------ (LINKED)
B23: Probablity
B24: =C19 -> 0.9 | C24: =B24*C29 -> 0.045 | D24: =B24*D29 -> 0.09 | E24: =B24*E29 -> 0.18 | F24: =B24*F29 -> 0.36 | G24: =B24*G29 -> 0.72
B25: =C18 -> 0.7 | C25: =B25*C29 -> 0.035 | D25: =B25*D29 -> 0.07 | E25: =B25*E29 -> 0.14 | F25: =B25*F29 -> 0.28 | G25: =B25*G29 -> 0.56
B26: =C17 -> 0.5 | C26: =B26*C29 -> 0.025 | D26: =B26*D29 -> 0.05 | E26: =B26*E29 -> 0.1 | F26: =B26*F29 -> 0.2 | G26: =B26*G29 -> 0.4
B27: =C16 -> 0.3 | C27: =B27*C29 -> 0.015 | D27: =B27*D29 -> 0.03 | E27: =B27*E29 -> 0.06 | F27: =B27*F29 -> 0.12 | G27: =B27*G29 -> 0.24
B28: =C15 -> 0.1 | C28: =B28*C29 -> 0.005 | D28: =B28*D29 -> 0.01 | E28: =B28*E29 -> 0.02 | F28: =B28*F29 -> 0.04 | G28: =B28*G29 -> 0.08
B29: Impact | C29: =C5 -> 0.05 | D29: =C6 -> 0.1 | E29: =C7 -> 0.2 | F29: =C8 -> 0.4 | G29: =C9 -> 0.8

Sheet Source Data Tables
A1: Source Data for Risk Register Tool Cells: (DO NOT CHANGE - WILL IMPACT RISK REGISTER TOOL)
A3: TECHNOLOGY DEPLOYED | C3: Risk Source | E3: Risk Category | G3: LINKED | K3: Risk Response Type | M3: Risk Trigger Occurance
A4: Mid-Tier (Application) | C4: Formal Risk Review | E4: Technical | G4: Impact Rating | K4: Accept | M4: Y
A5: Desktop | C5: Audit/Review | E5: Sponsorship | G5: Marginal | H5: ='Prob-Impact Matrix'!C5 -> 0.05 | K5: Transfer | M5: N
A6: Mainframe | C6: Status Meeting | E6: Communication | G6: Significant | H6: ='Prob-Impact Matrix'!C6 -> 0.1 | K6: Mitigate/Control
A7: Database | C7: Stakeholder | E7: Schedule | G7: Serious | H7: ='Prob-Impact Matrix'!C7 -> 0.2 | K7: Avoid
A8: Infrastructure | C8: Other | E8: Budget | G8: Very Serious | H8: ='Prob-Impact Matrix'!C8 -> 0.4 | K8: Share
A9: Office Automation | E9: Contracts | G9: Catastrophic | H9: ='Prob-Impact Matrix'!C9 -> 0.8 | K9: Exploit | M9: Status
A10: Telecommunications | E10: Scope | K10: Enhance | M10: Identified
G11: LINKED | M11: Analysis Complete
G12: Probabilty Rating | M12: Planning Complete
G13: Not Likely | H13: ='Prob-Impact Matrix'!C15 -> 0.1 | M13: Triggered
C14: Risk Type | G14: Low Likelihood | H14: ='Prob-Impact Matrix'!C16 -> 0.3 | M14: Resolved
C15: Threat | G15: Likely | H15: ='Prob-Impact Matrix'!C17 -> 0.5 | M15: Retired
C16: Opportunity | G16: Highly Likely | H16: ='Prob-Impact Matrix'!C18 -> 0.7 | M16: Cancelled
G17: Near Certainty | H17: ='Prob-Impact Matrix'!C19 -> 0.9
G20: DO NOT REMOVE LINKED TO TOOL | M20: TO BE DEVELOPED
G21: Green/Yellow/Red Threshold Values | M21: Risk Count by Threshold Value
G22: Green - maximum score | I22: 0.05 | M22: High
G23: Yellow - minimum score | I23: 0.06 | M23: Medium
G24: Yellow - maximum score | I24: 0.14 | M24: Low
G25: Red - minimum score | I25: 0.15 | M25: Total
G26: White - Blank Cell | I26: 0
G28: Y/N
G29: Y
G30: N
